<?xml version="1.0" encoding="UTF-8"?>

<suite name="Suite">
	<test name="Registration">
        <classes>
            <class name="testcases.RegistrationTests"/>
        </classes>
    </test>
    <test name="Login">
        <classes>
            <class name="testcases.LoginTests"/>
        </classes>
    </test>
	<test name="CartManagement">
        <classes>
            <class name="testcases.CartTests"/>
        </classes>
    </test>
	<test name="UserAccountManagement">
        <classes>
            <class name="testcases.UserManagementTests"/>
        </classes>
    </test>
	<test name="WishlistManagementandProductCheckout">
        <classes>
            <class name="testcases.WishlistManagementandProductCheckoutTests"/>
        </classes>
    </test>
  <test thread-count="5" name="ProductReview">
    <classes>
      <class name="testcases.ProductReviewTests"/>
    </classes>
  </test> <!-- Test -->
</suite> <!-- Suite -->
